{
  "id": "8748983c-288f-4084-a8b0-67ba1a1cfb3e",
  "name": "chain",
  "isOverridable": true,
  "entries": [
    {
      "value": "Four Seasons",
      "synonyms": [
        "Four Seasons"
      ]
    },
    {
      "value": "Hilton",
      "synonyms": [
        "Hilton"
      ]
    },
    {
      "value": "Holiday Inn",
      "synonyms": [
        "Holiday Inn"
      ]
    },
    {
      "value": "Hyatt",
      "synonyms": [
        "Haytt",
        "Hayatt"
      ]
    },
    {
      "value": "Marriott",
      "synonyms": [
        "Marriott"
      ]
    },
    {
      "value": "Omni",
      "synonyms": [
        "Omni"
      ]
    },
    {
      "value": "Ritz-Carlton",
      "synonyms": [
        "Ritz-Carlton",
        "Ritz Carlton"
      ]
    },
    {
      "value": "Rosewood",
      "synonyms": [
        "Rosewood"
      ]
    },
    {
      "value": "Sheraton",
      "synonyms": [
        "Sheraton"
      ]
    },
    {
      "value": "Wyndham",
      "synonyms": [
        "Wyndham"
      ]
    },
    {
      "value": "Westin",
      "synonyms": [
        "Westin"
      ]
    },
    {
      "value": "Mandarin Oriental",
      "synonyms": [
        "Mandarin Oriental"
      ]
    },
    {
      "value": "Inter continental",
      "synonyms": [
        "Intercontinental",
        "Inter continental"
      ]
    },
    {
      "value": "Sir Albert",
      "synonyms": [
        "Sir Albert",
        "Sir Albert Hotel"
      ]
    }
  ],
  "isEnum": false,
  "automatedExpansion": true
}