{
  "id": "0094ed0e-44c3-4a67-8c42-263e4eaa81cc",
  "name": "sort",
  "isOverridable": true,
  "entries": [
    {
      "value": "distance",
      "synonyms": [
        "distance",
        "nearest",
        "closest",
        "nearby",
        "near me",
        "near by"
      ]
    },
    {
      "value": "price",
      "synonyms": [
        "price",
        "cheapest",
        "cheap"
      ]
    },
    {
      "value": "rating",
      "synonyms": [
        "rating",
        "best",
        "top",
        "great"
      ]
    }
  ],
  "isEnum": false,
  "automatedExpansion": false
}